id;sender_id;receiver_id;message_content;message_title;message_date
1;Solutions Cove;Agent;payment violet;../fake-data/blob/hipster.txt;2021-03-20T11:02:21
2;UAE Dirham International Quality-focused;index;FTP invoice Fantastic;../fake-data/blob/hipster.txt;2021-03-21T05:24:43
3;Dam Fresh leverage;bricks-and-clicks;Operations;../fake-data/blob/hipster.txt;2021-03-21T02:30:41
4;Station Direct plug-and-play;Handcrafted Concrete Salad;Outdoors cultivate Small Frozen Bacon;../fake-data/blob/hipster.txt;2021-03-20T23:00:55
5;indigo Pass;Texas Avon transitional;architectures Tuvalu;../fake-data/blob/hipster.txt;2021-03-21T07:20:44
6;Licensed Plastic Salad;Lebanon responsive uniform;Generic Tools interface;../fake-data/blob/hipster.txt;2021-03-21T05:10:21
7;pixel static Fish;cross-media Ergonomic;models;../fake-data/blob/hipster.txt;2021-03-20T18:29:13
8;convergence;Concrete;Brunei Dollar;../fake-data/blob/hipster.txt;2021-03-20T16:23:38
9;Israel Generic;brand;markets azure;../fake-data/blob/hipster.txt;2021-03-21T07:37:10
10;Malta;Developer Borders monetize;Extended;../fake-data/blob/hipster.txt;2021-03-20T17:31:12
